Order_ID,Order_Date,Region,Category,Product,Quantity,Sales,Profit
1,2024-08-13,North,Grocery,Sugar,7,2399.77,599.86
2,2025-11-07,South,Electronics,Monitor,4,1504.15,107.47
3,2024-02-20,North,Clothing,Shirt,9,3156.57,610.85
4,2025-06-25,West,Clothing,Jacket,10,2367.21,121.64
5,2024-06-10,South,Electronics,Monitor,7,2256.76,373.33
6,2025-04-30,South,Furniture,Table,3,489.87,88.18
7,2024-07-23,South,Grocery,Rice,8,3301.18,738.59
8,2024-07-25,North,Electronics,Mobile,5,2244.47,487.43
9,2025-09-15,East,Electronics,Monitor,4,568.81,29.29
10,2024-02-23,East,Grocery,Milk,7,1122.56,107.0
11,2024-10-31,East,Clothing,Jeans,5,445.9,128.75
12,2024-08-16,East,Grocery,Sugar,1,213.13,21.94
13,2024-04-19,North,Grocery,Rice,10,3966.85,1066.37
14,2024-04-22,South,Furniture,Table,2,102.6,5.44
15,2025-04-15,East,Clothing,Jeans,3,1393.16,175.16
16,2024-12-25,North,Grocery,Sugar,10,3541.38,659.2
17,2025-05-03,East,Grocery,Sugar,4,1536.24,228.29
18,2024-05-30,East,Furniture,Table,5,1273.36,345.31
19,2024-03-16,South,Furniture,Sofa,3,1026.18,71.35
20,2024-08-22,North,Furniture,Sofa,6,616.19,116.4
21,2024-02-01,West,Furniture,Sofa,10,4066.82,439.29
22,2024-10-30,East,Grocery,Sugar,9,1501.22,345.14
23,2024-10-21,East,Electronics,Monitor,4,249.58,61.42
24,2025-11-09,North,Grocery,Oil,5,643.6,60.3
25,2024-03-30,South,Clothing,Jeans,5,1129.88,188.64
26,2024-11-18,South,Clothing,Shoes,3,1324.12,223.35
27,2024-08-05,West,Furniture,Sofa,6,1836.64,140.39
28,2024-02-23,West,Electronics,Laptop,4,411.88,84.62
29,2024-07-31,West,Furniture,Sofa,9,1469.83,241.43
30,2024-09-06,South,Grocery,Oil,3,417.81,45.39
31,2024-02-29,East,Electronics,Monitor,8,2542.81,735.94
32,2025-05-04,North,Furniture,Bed,3,111.42,33.02
33,2024-03-22,East,Electronics,Monitor,10,1947.64,259.67
34,2025-02-04,South,Clothing,Jacket,5,1511.36,389.5
35,2025-12-18,East,Grocery,Rice,5,454.07,71.94
36,2024-03-20,North,Grocery,Oil,2,968.52,185.95
37,2024-05-05,West,Grocery,Milk,6,167.07,13.92
38,2024-11-14,East,Clothing,Jacket,1,58.5,6.22
39,2024-04-16,South,Furniture,Bed,6,929.55,255.26
40,2025-02-14,East,Clothing,Shoes,9,1131.21,72.59
41,2024-11-10,West,Electronics,Laptop,3,315.83,47.0
42,2024-01-27,South,Furniture,Chair,6,2802.92,789.35
43,2024-11-14,East,Clothing,Shoes,3,1362.05,297.9
44,2024-04-08,West,Furniture,Sofa,10,4228.84,329.84
45,2024-09-26,North,Furniture,Sofa,1,175.96,37.71
46,2025-12-27,South,Clothing,Shirt,10,3473.9,308.74
47,2025-05-20,West,Furniture,Chair,1,287.99,71.11
48,2024-03-16,North,Grocery,Sugar,6,447.75,117.78
49,2025-02-09,East,Furniture,Chair,4,1610.28,418.97
50,2025-04-30,East,Furniture,Sofa,5,2299.52,148.51
51,2024-06-24,East,Grocery,Milk,5,908.86,71.53
52,2025-08-31,South,Furniture,Chair,1,54.47,12.17
53,2025-07-03,East,Electronics,Laptop,5,1410.73,250.89
54,2024-06-13,West,Electronics,Monitor,8,3300.01,905.07
55,2025-04-02,West,Grocery,Milk,3,580.84,150.0
56,2024-10-25,West,Grocery,Milk,6,1427.49,374.09
57,2024-12-23,West,Clothing,Shoes,10,990.24,104.61
58,2024-11-06,West,Grocery,Rice,8,1740.53,286.11
59,2025-10-30,South,Furniture,Chair,2,50.23,10.67
60,2024-07-13,North,Grocery,Milk,8,351.7,55.38
61,2024-03-10,West,Furniture,Bed,2,822.36,83.98
62,2024-03-25,North,Furniture,Table,3,746.79,158.13
63,2025-05-02,West,Grocery,Oil,9,3670.15,799.38
64,2024-09-19,North,Furniture,Bed,4,1587.62,417.92
65,2025-06-25,West,Clothing,Shirt,8,979.84,182.89
66,2024-05-24,South,Grocery,Oil,9,3479.11,1034.15
67,2024-01-25,North,Clothing,Jeans,5,1902.28,173.94
68,2025-07-23,West,Electronics,Mobile,2,410.06,21.93
69,2024-07-21,East,Grocery,Milk,5,170.29,47.25
70,2024-02-11,South,Grocery,Sugar,2,777.3,195.77
71,2025-09-25,North,Electronics,Mobile,4,1001.94,276.41
72,2025-07-03,West,Clothing,Jeans,8,2477.64,327.2
73,2025-06-03,South,Furniture,Table,9,1815.31,420.43
74,2025-01-30,North,Electronics,Headphones,5,819.96,200.28
75,2025-07-10,East,Furniture,Bed,2,377.86,90.61
76,2024-03-28,West,Grocery,Rice,2,779.65,81.01
77,2024-01-24,East,Electronics,Monitor,10,918.18,65.93
78,2025-11-13,West,Clothing,Jeans,10,3567.99,764.48
79,2024-10-09,West,Furniture,Sofa,2,122.94,33.89
80,2024-10-17,South,Grocery,Sugar,4,421.55,26.33
81,2024-09-29,North,Furniture,Sofa,3,360.28,71.32
82,2024-09-17,East,Grocery,Sugar,1,418.19,68.74
83,2025-11-25,South,Electronics,Laptop,8,1579.7,94.35
84,2024-08-03,South,Electronics,Mobile,8,3609.88,414.7
85,2025-11-07,South,Grocery,Oil,10,4782.1,427.11
86,2024-11-11,East,Electronics,Headphones,6,515.69,147.08
87,2024-12-20,South,Clothing,Shirt,6,1426.04,161.08
88,2024-10-12,East,Furniture,Table,9,3639.15,1016.42
89,2025-03-21,South,Clothing,Jeans,10,4438.33,700.14
90,2024-06-26,East,Grocery,Rice,7,2772.69,176.05
91,2024-02-04,North,Furniture,Bed,9,2597.8,230.87
92,2024-03-11,North,Grocery,Sugar,7,2737.56,476.66
93,2025-07-16,West,Clothing,Shirt,1,234.27,45.14
94,2025-06-27,North,Electronics,Headphones,9,3537.86,740.65
95,2024-10-20,North,Furniture,Chair,4,1769.67,449.59
96,2025-03-30,West,Grocery,Rice,2,465.42,117.25
97,2024-04-02,East,Clothing,Shirt,1,76.01,7.84
98,2024-09-27,West,Furniture,Sofa,7,285.57,82.1
99,2024-01-27,South,Grocery,Rice,10,335.6,80.72
100,2025-02-08,North,Furniture,Table,2,353.8,41.9
101,2025-11-06,North,Clothing,Jeans,7,3301.62,200.8
102,2025-05-26,West,Electronics,Laptop,4,610.64,75.65
103,2024-06-01,South,Clothing,Jacket,4,1716.65,350.94
104,2024-04-01,North,Clothing,Jacket,8,3380.45,365.65
105,2025-08-31,South,Grocery,Oil,7,245.61,65.12
106,2025-10-12,South,Grocery,Oil,1,276.59,70.78
107,2024-08-25,West,Grocery,Rice,8,2096.63,480.61
108,2025-08-21,North,Clothing,Jacket,8,2174.21,311.28
109,2025-03-07,North,Furniture,Table,7,2674.55,265.64
110,2025-08-17,North,Electronics,Monitor,10,4895.76,962.89
111,2025-11-24,East,Furniture,Chair,2,951.1,256.59
112,2025-04-10,West,Furniture,Sofa,10,3322.62,991.62
113,2025-05-14,West,Furniture,Chair,6,1327.98,169.09
114,2024-12-11,West,Grocery,Sugar,7,1854.81,139.33
115,2025-06-18,North,Grocery,Sugar,9,214.9,58.54
116,2024-01-02,East,Grocery,Sugar,10,3702.95,336.09
117,2024-11-28,South,Grocery,Sugar,7,790.84,163.83
118,2024-06-18,South,Electronics,Headphones,2,746.77,131.75
119,2024-08-04,South,Clothing,Jeans,4,740.27,191.16
120,2024-10-30,South,Electronics,Headphones,8,1872.03,251.96
121,2025-01-09,East,Electronics,Monitor,9,1090.83,146.92
122,2025-04-24,West,Clothing,Jeans,3,852.29,220.39
123,2025-09-19,North,Grocery,Sugar,8,2919.85,636.13
124,2025-09-09,West,Furniture,Sofa,9,1619.31,312.44
125,2024-07-02,North,Furniture,Sofa,1,103.6,13.05
126,2025-04-16,South,Electronics,Laptop,1,98.69,26.65
127,2024-06-28,South,Grocery,Rice,4,1625.42,208.15
128,2025-12-03,East,Electronics,Laptop,5,1158.81,80.34
129,2024-04-23,North,Furniture,Table,8,2144.47,355.79
130,2024-05-27,North,Furniture,Sofa,2,610.2,64.32
131,2025-10-16,South,Clothing,Jacket,7,3115.56,914.57
132,2024-11-11,West,Electronics,Headphones,8,2520.87,414.61
133,2024-04-16,East,Furniture,Table,2,639.92,135.96
134,2025-01-17,South,Electronics,Headphones,7,1912.17,388.87
135,2024-06-18,South,Furniture,Table,5,1469.16,173.05
136,2024-05-11,West,Electronics,Headphones,1,41.39,4.92
137,2025-07-09,East,Electronics,Monitor,7,1046.67,142.93
138,2025-08-18,East,Electronics,Headphones,2,983.61,193.99
139,2025-02-14,West,Furniture,Chair,3,260.7,25.14
140,2024-05-21,East,Furniture,Table,6,650.9,146.97
141,2024-05-23,South,Electronics,Headphones,3,499.27,63.18
142,2025-07-29,East,Furniture,Sofa,10,3177.99,209.48
143,2025-05-20,East,Furniture,Bed,3,377.23,39.15
144,2024-01-13,South,Furniture,Table,5,686.16,177.11
145,2024-04-04,West,Clothing,Jacket,2,924.87,97.45
146,2024-07-20,West,Grocery,Oil,9,2391.73,618.31
147,2025-02-16,West,Electronics,Mobile,3,482.21,106.95
148,2025-02-17,North,Furniture,Chair,6,2056.99,512.38
149,2025-03-03,West,Clothing,Jacket,8,1612.76,186.62
150,2024-12-24,North,Clothing,Jacket,9,1356.74,191.87
151,2025-10-30,East,Electronics,Laptop,2,897.29,263.81
152,2025-12-18,North,Furniture,Table,4,1764.41,414.78
153,2024-01-31,North,Clothing,Jacket,7,579.04,86.98
154,2025-10-03,South,Furniture,Bed,6,2225.06,142.11
155,2024-06-26,East,Clothing,Shoes,5,1494.12,255.77
156,2024-06-12,North,Furniture,Sofa,1,241.6,64.91
157,2024-02-08,North,Furniture,Sofa,6,882.92,230.61
158,2024-05-04,East,Furniture,Chair,5,708.63,84.0
159,2024-09-26,East,Clothing,Jeans,8,707.33,119.11
160,2025-09-12,West,Furniture,Table,6,1707.27,496.92
161,2025-04-16,East,Clothing,Shoes,1,341.38,29.27
162,2025-08-06,East,Electronics,Mobile,4,1049.09,56.46
163,2024-06-05,East,Grocery,Oil,8,532.08,62.71
164,2024-02-01,East,Furniture,Bed,10,535.91,96.27
165,2024-03-10,West,Furniture,Table,9,1783.59,202.91
166,2024-03-10,North,Clothing,Shoes,6,2529.17,696.44
167,2024-05-12,South,Grocery,Oil,9,3827.26,913.1
168,2025-12-25,East,Clothing,Shoes,4,502.64,95.02
169,2024-03-29,South,Furniture,Chair,7,3356.26,698.18
170,2024-11-11,South,Grocery,Milk,10,3292.63,545.8
171,2025-04-11,East,Electronics,Mobile,4,1050.04,177.1
172,2025-10-03,East,Furniture,Sofa,6,2223.5,555.24
173,2025-03-03,North,Grocery,Oil,3,661.64,186.51
174,2025-06-16,West,Furniture,Chair,3,93.48,14.33
175,2024-05-22,East,Clothing,Jeans,10,983.82,56.26
176,2024-05-18,East,Grocery,Rice,8,2227.44,599.64
177,2025-10-19,South,Grocery,Oil,3,1300.96,146.14
178,2025-06-07,East,Grocery,Rice,9,3433.8,260.78
179,2024-07-04,South,Furniture,Table,8,1661.31,357.29
180,2025-07-01,South,Furniture,Sofa,2,571.21,66.68
181,2024-01-10,North,Clothing,Shirt,1,436.52,55.67
182,2025-03-18,East,Furniture,Table,1,172.86,47.33
183,2024-05-26,North,Electronics,Monitor,3,478.78,136.3
184,2024-10-18,East,Electronics,Monitor,10,3894.64,828.58
185,2025-10-21,West,Grocery,Rice,2,856.77,210.78
186,2024-10-18,South,Clothing,Shirt,5,166.38,35.13
187,2024-12-03,West,Electronics,Mobile,4,726.34,51.08
188,2024-01-26,West,Electronics,Laptop,7,887.67,99.8
189,2024-11-27,West,Furniture,Chair,2,264.61,67.25
190,2024-08-16,South,Electronics,Headphones,4,646.72,37.31
191,2024-11-29,West,Grocery,Oil,3,346.16,79.67
192,2024-04-03,North,Grocery,Sugar,4,1427.41,341.8
193,2025-03-13,West,Clothing,Jacket,8,3146.55,913.55
194,2024-02-04,West,Grocery,Oil,5,2467.55,190.92
195,2025-07-15,North,Grocery,Oil,9,3595.67,468.75
196,2024-09-20,North,Furniture,Bed,6,2465.37,257.74
197,2025-04-08,West,Furniture,Table,3,288.59,15.23
198,2025-06-08,North,Electronics,Headphones,6,2030.99,172.83
199,2025-09-08,South,Grocery,Oil,5,2120.6,555.16
200,2024-12-22,South,Grocery,Sugar,1,280.97,52.49
201,2025-08-17,East,Clothing,Jacket,1,441.08,110.04
202,2024-06-07,North,Electronics,Mobile,3,1189.36,145.67
203,2024-11-09,North,Electronics,Laptop,4,505.2,57.01
204,2024-08-01,West,Furniture,Bed,3,1080.89,186.18
205,2025-10-09,North,Electronics,Monitor,1,473.63,93.71
206,2024-01-22,West,Furniture,Chair,5,784.5,47.95
207,2025-10-08,North,Grocery,Rice,7,1007.47,188.59
208,2024-04-07,North,Clothing,Jacket,9,1192.25,347.74
209,2025-01-22,South,Furniture,Table,6,792.34,79.47
210,2025-04-24,North,Electronics,Monitor,7,2587.27,189.61
211,2024-04-17,North,Electronics,Laptop,3,406.11,120.02
212,2025-10-23,West,Electronics,Headphones,1,48.93,13.41
213,2025-11-06,North,Electronics,Headphones,6,735.21,119.61
214,2025-06-24,South,Grocery,Oil,7,402.19,103.55
215,2024-09-12,West,Grocery,Milk,2,151.56,9.5
216,2024-09-15,East,Electronics,Mobile,7,2160.76,392.89
217,2025-07-04,North,Electronics,Headphones,10,4248.32,382.46
218,2025-09-27,North,Furniture,Sofa,4,1519.06,161.42
219,2025-04-15,North,Grocery,Oil,6,2587.67,445.09
220,2024-03-11,South,Furniture,Chair,3,480.91,112.53
221,2025-08-20,South,Clothing,Shirt,10,4451.53,995.19
222,2024-07-08,North,Furniture,Sofa,3,769.93,214.52
223,2025-10-22,North,Electronics,Mobile,9,2891.32,492.81
224,2024-03-14,East,Grocery,Oil,1,410.14,32.82
225,2024-04-17,West,Grocery,Rice,3,1257.02,338.9
226,2025-11-27,South,Grocery,Milk,4,622.16,86.23
227,2025-10-18,South,Electronics,Mobile,6,2704.37,413.74
228,2024-11-19,West,Grocery,Oil,6,852.74,207.63
229,2024-01-13,West,Electronics,Headphones,4,1723.05,165.73
230,2025-08-07,East,Electronics,Headphones,4,1665.89,402.53
231,2025-01-30,North,Furniture,Chair,8,965.21,82.36
232,2024-05-18,South,Electronics,Headphones,10,216.0,36.06
233,2024-05-31,South,Furniture,Bed,7,2598.97,735.11
234,2024-11-15,East,Grocery,Oil,7,1643.98,322.81
235,2025-11-24,West,Furniture,Bed,7,1076.46,185.1
236,2025-06-20,South,Clothing,Shirt,3,937.45,111.15
237,2024-02-04,North,Furniture,Bed,2,609.42,154.98
238,2025-10-16,West,Clothing,Shoes,9,1534.65,451.11
239,2025-03-12,West,Clothing,Jeans,7,1329.77,68.36
240,2024-07-11,East,Grocery,Rice,6,1447.88,149.91
241,2024-10-21,North,Electronics,Laptop,9,2928.08,592.28
242,2024-05-15,North,Clothing,Shirt,1,251.66,14.93
243,2025-03-30,West,Furniture,Sofa,5,790.13,81.14
244,2024-11-09,North,Grocery,Sugar,3,1003.15,250.09
245,2025-04-27,East,Electronics,Laptop,4,504.55,107.18
246,2025-10-15,East,Grocery,Milk,10,2781.05,750.03
247,2024-11-05,East,Electronics,Monitor,8,744.91,210.08
248,2025-06-11,East,Furniture,Chair,8,3196.6,478.2
249,2024-11-21,West,Grocery,Rice,9,1070.41,219.24
250,2025-10-02,North,Grocery,Rice,8,2125.68,334.84
251,2025-02-17,West,Clothing,Shoes,4,1959.06,439.59
252,2024-01-19,East,Furniture,Table,10,1304.11,317.58
253,2024-08-28,North,Furniture,Bed,1,232.99,51.33
254,2025-05-13,East,Furniture,Bed,5,1104.72,249.32
255,2024-06-26,North,Furniture,Sofa,7,2941.85,809.46
256,2024-09-19,West,Electronics,Laptop,3,1303.15,358.15
257,2025-03-31,North,Electronics,Laptop,9,1552.7,131.09
258,2025-09-08,South,Furniture,Chair,10,510.53,90.73
259,2025-05-16,West,Electronics,Mobile,6,2755.54,242.83
260,2024-12-26,North,Clothing,Jeans,2,228.68,38.7
261,2024-01-07,South,Grocery,Sugar,1,46.87,4.41
262,2024-01-24,West,Clothing,Jeans,8,1128.7,193.06
263,2024-11-11,South,Furniture,Bed,4,1518.52,124.64
264,2024-03-26,West,Clothing,Jacket,10,3823.63,213.25
265,2025-11-01,East,Furniture,Sofa,6,331.61,68.0
266,2025-12-18,East,Furniture,Bed,8,1573.59,176.35
267,2025-04-18,South,Grocery,Milk,10,2256.84,305.66
268,2025-12-03,North,Electronics,Laptop,5,2232.54,219.68
269,2024-08-03,South,Grocery,Rice,3,1006.33,75.5
270,2024-10-08,West,Grocery,Sugar,9,2751.89,609.64
271,2025-08-17,East,Furniture,Bed,2,289.1,26.46
272,2024-06-24,East,Electronics,Monitor,1,176.98,47.51
273,2025-06-22,North,Electronics,Headphones,10,1541.88,386.68
274,2025-12-10,North,Furniture,Chair,2,66.82,17.21
275,2025-10-22,North,Grocery,Rice,3,745.27,100.45
276,2024-01-16,East,Clothing,Jacket,1,157.29,40.9
277,2024-10-01,South,Clothing,Shirt,1,237.73,64.12
278,2024-03-06,South,Grocery,Sugar,10,4448.94,1076.43
279,2024-08-26,West,Grocery,Rice,1,229.64,68.03
280,2025-07-23,North,Clothing,Shirt,9,1144.91,342.2
281,2025-07-08,South,Grocery,Oil,5,983.1,174.26
282,2024-10-30,North,Grocery,Oil,4,660.54,59.84
283,2025-11-26,West,Grocery,Oil,7,2461.08,298.11
284,2024-04-07,North,Electronics,Headphones,5,2308.41,202.36
285,2025-04-29,South,Furniture,Table,4,413.97,109.32
286,2024-09-06,East,Furniture,Chair,4,491.41,74.16
287,2025-06-16,West,Clothing,Shoes,1,484.09,111.53
288,2025-12-09,South,Grocery,Oil,2,794.62,87.42
289,2024-02-28,West,Clothing,Jacket,7,1720.88,206.27
290,2024-05-21,South,Grocery,Rice,5,991.0,127.27
291,2025-05-20,North,Furniture,Bed,1,351.09,35.73
292,2025-07-07,South,Electronics,Headphones,4,1294.9,326.28
293,2024-03-18,West,Electronics,Monitor,7,3164.25,407.01
294,2025-01-14,South,Grocery,Oil,8,802.19,94.13
295,2025-06-12,East,Clothing,Shoes,10,4752.08,1314.26
296,2024-02-21,South,Electronics,Mobile,4,292.82,29.82
297,2024-03-15,North,Grocery,Milk,3,523.75,81.42
298,2024-10-13,South,Grocery,Milk,1,376.36,100.76
299,2024-02-26,West,Furniture,Sofa,6,1372.97,245.25
300,2024-10-01,South,Grocery,Sugar,3,1142.74,341.18
301,2024-10-18,South,Electronics,Monitor,8,3496.01,915.65
302,2024-02-26,North,Furniture,Chair,8,2287.14,381.17
303,2025-11-26,West,Electronics,Mobile,4,1405.74,294.83
304,2025-11-17,North,Electronics,Laptop,4,955.32,271.0
305,2025-12-11,East,Grocery,Milk,9,2007.27,222.01
306,2024-02-29,South,Furniture,Table,8,2084.06,248.86
307,2025-03-16,West,Electronics,Headphones,3,1155.41,257.84
308,2024-09-01,West,Furniture,Table,5,2182.99,359.22
309,2025-07-26,East,Electronics,Laptop,9,680.99,81.09
310,2024-07-27,West,Grocery,Sugar,7,2295.78,486.34
311,2025-12-08,East,Electronics,Mobile,7,782.5,200.36
312,2024-07-24,West,Clothing,Shirt,8,3475.97,581.24
313,2024-11-27,North,Clothing,Jeans,8,429.4,50.05
314,2024-06-19,South,Clothing,Shoes,5,1031.11,183.13
315,2024-08-26,South,Furniture,Sofa,5,1406.71,137.59
316,2024-01-08,East,Electronics,Monitor,4,607.3,126.1
317,2024-12-20,West,Electronics,Laptop,5,2107.31,553.41
318,2024-04-16,West,Clothing,Jeans,4,1057.37,304.74
319,2024-04-30,North,Electronics,Monitor,8,3741.98,634.47
320,2024-07-10,South,Electronics,Laptop,8,618.04,48.77
321,2025-11-30,North,Grocery,Rice,4,731.15,162.19
322,2024-04-29,North,Clothing,Jeans,9,3411.63,512.78
323,2024-06-11,East,Electronics,Headphones,4,1707.19,254.19
324,2025-10-02,East,Grocery,Milk,9,653.42,161.95
325,2025-11-04,East,Electronics,Monitor,5,2165.18,233.48
326,2024-12-26,South,Electronics,Laptop,7,420.16,88.46
327,2025-02-10,West,Electronics,Mobile,5,993.04,254.47
328,2025-03-03,East,Furniture,Chair,1,462.63,98.35
329,2024-11-13,West,Electronics,Headphones,4,408.94,44.58
330,2025-05-05,North,Electronics,Mobile,1,260.7,21.2
331,2025-03-02,North,Furniture,Sofa,6,2818.88,681.47
332,2024-02-05,West,Electronics,Headphones,10,968.7,194.35
333,2024-01-16,South,Electronics,Monitor,7,3436.51,796.52
334,2024-05-20,South,Furniture,Sofa,10,3419.76,303.67
335,2025-05-20,West,Grocery,Rice,5,479.66,64.0
336,2025-02-12,North,Grocery,Rice,7,1893.75,250.33
337,2024-01-10,East,Electronics,Laptop,3,95.4,26.73
338,2024-12-02,West,Electronics,Mobile,6,1464.21,390.16
339,2025-10-02,North,Grocery,Rice,6,2899.82,548.49
340,2024-08-06,West,Furniture,Sofa,10,1855.2,282.14
341,2024-09-15,West,Grocery,Oil,10,3325.22,405.33
342,2025-06-07,North,Electronics,Mobile,4,215.1,26.33
343,2024-10-14,North,Grocery,Milk,5,1331.22,328.62
344,2025-06-09,North,Electronics,Headphones,4,1509.78,279.37
345,2025-11-26,South,Furniture,Table,4,852.37,49.44
346,2024-03-05,West,Clothing,Jeans,6,990.89,277.97
347,2025-02-02,North,Clothing,Shirt,5,936.58,118.16
348,2024-02-27,North,Clothing,Jacket,8,700.33,156.57
349,2024-01-20,South,Furniture,Sofa,6,2444.55,562.12
350,2024-05-22,East,Grocery,Oil,9,1108.08,124.37
351,2024-01-03,South,Furniture,Sofa,10,2516.99,739.17
352,2025-06-21,East,Clothing,Shoes,3,922.61,106.28
353,2024-02-01,North,Electronics,Monitor,1,345.33,80.38
354,2024-09-08,North,Clothing,Shirt,4,485.04,62.35
355,2024-03-30,West,Grocery,Rice,1,324.54,97.03
356,2025-10-31,East,Grocery,Sugar,5,841.2,222.7
357,2024-10-08,East,Furniture,Chair,8,605.6,140.8
358,2024-10-15,North,Furniture,Sofa,6,1497.62,193.88
359,2025-02-12,North,Grocery,Sugar,6,2098.87,555.53
360,2025-12-27,East,Clothing,Shoes,2,601.61,90.68
361,2024-09-06,East,Electronics,Mobile,4,1939.28,219.98
362,2025-07-07,East,Electronics,Laptop,2,113.74,26.69
363,2024-11-10,South,Electronics,Headphones,5,449.46,119.33
364,2025-08-12,West,Electronics,Monitor,9,2094.8,110.21
365,2024-09-11,North,Clothing,Shirt,9,3149.53,718.91
366,2025-05-23,North,Clothing,Jacket,6,1904.19,253.24
367,2025-09-20,West,Electronics,Mobile,3,462.18,83.04
368,2024-03-25,North,Grocery,Rice,2,223.04,63.59
369,2025-08-15,East,Grocery,Sugar,8,1573.36,385.45
370,2024-12-13,West,Furniture,Table,10,2571.77,462.18
371,2025-10-20,West,Furniture,Sofa,10,4566.47,1066.58
372,2025-03-27,South,Clothing,Jeans,8,996.66,241.71
373,2024-10-02,North,Furniture,Bed,8,880.31,155.71
374,2025-09-10,North,Grocery,Sugar,8,228.81,42.74
375,2025-11-21,South,Electronics,Laptop,3,763.38,154.13
376,2024-01-26,North,Electronics,Laptop,10,444.33,100.16
377,2024-11-02,East,Electronics,Laptop,5,1819.27,219.79
378,2024-10-03,West,Clothing,Jacket,5,1010.26,68.51
379,2024-12-31,South,Clothing,Shirt,4,1547.55,200.32
380,2025-10-16,East,Furniture,Chair,10,3598.29,670.52
381,2024-10-08,West,Furniture,Chair,2,571.19,33.36
382,2025-11-06,South,Grocery,Milk,4,812.7,146.34
383,2024-08-17,East,Furniture,Bed,1,295.74,71.85
384,2024-01-06,South,Clothing,Jeans,3,286.52,71.83
385,2025-04-08,East,Furniture,Table,7,367.11,68.51
386,2025-06-07,East,Grocery,Oil,5,790.14,110.52
387,2025-05-04,East,Furniture,Chair,3,853.16,44.17
388,2025-01-14,South,Clothing,Shoes,10,882.3,166.78
389,2024-05-31,South,Furniture,Chair,8,2256.53,359.01
390,2024-03-25,West,Electronics,Laptop,8,2425.28,338.72
391,2025-11-21,West,Furniture,Sofa,10,2770.61,560.25
392,2024-11-29,North,Clothing,Shirt,10,1582.96,117.82
393,2024-04-02,West,Grocery,Milk,1,166.78,38.57
394,2025-09-18,East,Furniture,Table,3,1499.25,367.82
395,2025-11-24,West,Grocery,Rice,10,3763.25,411.95
396,2025-11-10,South,Grocery,Rice,10,1698.64,245.04
397,2024-11-29,West,Electronics,Mobile,4,1967.28,590.16
398,2025-11-29,North,Furniture,Table,7,1331.56,319.99
399,2025-03-29,North,Furniture,Table,9,499.3,86.78
400,2024-04-01,West,Grocery,Rice,3,1005.6,153.11
401,2025-06-16,North,Grocery,Oil,7,881.32,156.47
402,2025-11-17,South,Clothing,Shirt,7,253.46,15.44
403,2024-11-08,West,Furniture,Chair,7,2128.03,550.86
404,2025-11-30,North,Clothing,Shirt,2,104.47,8.03
405,2025-01-16,East,Grocery,Milk,10,480.43,25.44
406,2024-02-28,West,Furniture,Bed,1,263.03,78.02
407,2024-04-17,West,Grocery,Sugar,1,266.06,76.25
408,2025-08-10,North,Grocery,Milk,7,729.55,66.6
409,2025-09-08,West,Clothing,Jacket,7,2312.67,237.88
410,2024-04-15,West,Electronics,Laptop,6,508.51,86.18
411,2025-01-18,West,Furniture,Bed,7,209.66,28.63
412,2024-12-16,South,Grocery,Milk,3,1130.59,181.78
413,2024-06-16,East,Grocery,Oil,8,3442.55,500.12
414,2024-03-10,East,Grocery,Sugar,1,76.17,14.59
415,2025-08-03,North,Electronics,Headphones,8,3157.21,532.86
416,2025-10-05,South,Furniture,Table,7,2553.33,485.48
417,2024-02-15,East,Electronics,Monitor,7,696.74,101.75
418,2024-06-09,South,Furniture,Table,10,1960.72,450.47
419,2025-07-26,West,Electronics,Mobile,5,2450.65,324.75
420,2024-12-25,West,Grocery,Milk,4,1914.0,485.35
421,2025-10-30,West,Clothing,Jacket,3,1353.85,188.27
422,2024-10-22,North,Grocery,Rice,4,566.19,63.45
423,2024-11-26,West,Electronics,Laptop,8,3925.02,305.52
424,2025-02-18,East,Electronics,Mobile,9,422.12,70.19
425,2024-01-21,West,Electronics,Monitor,9,2125.77,329.52
426,2025-05-27,West,Grocery,Milk,10,1149.72,271.39
427,2025-11-22,East,Furniture,Chair,1,475.02,57.05
428,2024-12-16,North,Electronics,Laptop,5,1546.52,455.72
429,2025-03-23,East,Clothing,Shirt,2,485.03,33.11
430,2024-08-20,South,Furniture,Chair,3,1294.27,335.4
431,2025-03-18,East,Electronics,Mobile,7,2232.95,611.01
432,2025-07-29,West,Clothing,Jeans,4,898.06,266.88
433,2024-02-06,North,Clothing,Jeans,6,2008.61,307.28
434,2024-08-11,West,Furniture,Chair,7,1637.64,142.39
435,2024-05-27,East,Clothing,Shirt,8,2635.58,332.65
436,2025-07-20,West,Furniture,Table,9,3020.22,641.75
437,2024-01-22,West,Electronics,Monitor,4,541.65,80.11
438,2024-12-06,West,Furniture,Table,9,1367.22,232.47
439,2024-01-12,East,Electronics,Monitor,1,440.88,46.33
440,2025-06-08,North,Grocery,Sugar,3,765.72,188.1
441,2025-04-01,North,Grocery,Sugar,1,71.61,14.94
442,2024-03-25,East,Grocery,Sugar,7,978.85,284.15
443,2025-02-20,South,Clothing,Shoes,10,2991.6,766.04
444,2024-05-31,West,Grocery,Milk,2,239.68,12.33
445,2025-07-09,South,Furniture,Table,9,664.58,150.55
446,2024-05-18,East,Grocery,Rice,10,3252.71,310.03
447,2025-09-11,West,Grocery,Sugar,7,932.38,234.24
448,2025-06-20,South,Electronics,Laptop,2,881.55,118.5
449,2025-12-27,East,Grocery,Milk,10,4443.48,841.61
450,2024-11-24,North,Furniture,Bed,3,811.24,225.43
451,2024-08-06,West,Clothing,Jeans,8,2508.33,698.84
452,2025-02-04,West,Electronics,Headphones,7,3072.05,694.64
453,2025-03-09,North,Clothing,Jeans,5,884.4,138.12
454,2025-06-03,North,Clothing,Jeans,1,96.31,8.45
455,2025-10-15,South,Furniture,Chair,4,105.63,18.37
456,2025-03-29,North,Furniture,Table,1,174.72,19.04
457,2025-10-09,South,Grocery,Rice,4,1339.88,224.99
458,2025-06-16,West,Furniture,Bed,1,319.13,40.25
459,2025-11-29,North,Grocery,Milk,9,445.36,40.13
460,2025-08-28,West,Electronics,Laptop,10,1013.77,182.3
461,2025-06-27,West,Clothing,Jacket,1,178.61,49.19
462,2025-11-11,West,Furniture,Table,10,2703.61,733.34
463,2025-05-20,West,Clothing,Jeans,5,188.39,51.5
464,2025-10-29,East,Clothing,Jacket,8,1282.79,221.64
465,2024-08-14,East,Furniture,Chair,4,310.06,65.03
466,2024-01-17,West,Grocery,Milk,3,337.2,96.34
467,2025-02-06,East,Grocery,Sugar,8,2731.15,243.92
468,2024-01-19,South,Clothing,Jeans,4,340.8,55.03
469,2025-12-14,North,Grocery,Rice,2,732.84,173.22
470,2024-06-30,East,Clothing,Jacket,1,42.13,3.42
471,2025-07-18,South,Clothing,Shoes,5,478.38,87.38
472,2024-06-08,North,Furniture,Table,3,189.57,12.53
473,2024-11-23,East,Electronics,Monitor,5,904.08,216.77
474,2024-06-10,North,Electronics,Headphones,2,496.19,109.41
475,2024-12-20,South,Grocery,Sugar,9,4153.26,1047.09
476,2024-10-12,North,Electronics,Mobile,2,632.44,70.49
477,2024-07-30,North,Electronics,Mobile,1,332.6,53.35
478,2024-02-14,South,Furniture,Chair,5,2317.5,414.49
479,2024-07-08,West,Clothing,Shoes,7,1436.18,158.02
480,2025-10-18,South,Clothing,Shirt,7,2642.59,134.48
481,2024-12-16,West,Furniture,Chair,10,3204.72,685.65
482,2025-12-16,West,Grocery,Milk,6,955.38,219.73
483,2024-06-23,East,Grocery,Sugar,4,1941.12,264.79
484,2024-01-23,East,Electronics,Laptop,4,797.01,161.97
485,2025-11-24,West,Grocery,Milk,2,268.25,28.9
486,2025-10-15,North,Electronics,Monitor,10,1610.06,222.16
487,2025-03-03,West,Electronics,Laptop,8,676.82,164.99
488,2025-02-04,South,Electronics,Mobile,7,2488.92,701.54
489,2024-01-28,North,Furniture,Bed,3,340.07,91.02
490,2024-02-27,East,Furniture,Bed,7,1249.67,352.03
491,2025-07-27,South,Furniture,Bed,9,1937.27,395.63
492,2024-12-11,East,Clothing,Jeans,9,400.17,106.87
493,2024-01-24,South,Grocery,Rice,8,388.72,19.6
494,2024-12-04,West,Clothing,Jeans,7,1796.07,186.14
495,2025-04-15,West,Clothing,Jacket,6,1522.9,441.34
496,2024-04-06,West,Electronics,Headphones,5,1625.52,163.51
497,2024-01-01,South,Clothing,Shirt,4,999.94,193.12
498,2024-06-25,South,Electronics,Mobile,2,640.09,172.7
499,2025-12-15,East,Electronics,Monitor,7,2425.22,526.23
500,2025-03-03,East,Grocery,Rice,2,657.16,192.22
501,2025-06-02,West,Electronics,Mobile,6,1839.47,530.47
502,2025-01-16,North,Grocery,Rice,5,1342.94,321.59
503,2025-06-01,North,Grocery,Oil,10,3993.83,392.45
504,2024-01-22,South,Furniture,Chair,8,3243.54,214.02
505,2025-07-16,North,Clothing,Shirt,1,218.58,13.41
506,2025-02-22,North,Grocery,Milk,2,313.25,88.91
507,2024-01-11,South,Furniture,Chair,7,1619.12,466.52
508,2024-01-05,South,Grocery,Oil,7,2838.3,727.76
509,2024-04-09,East,Clothing,Shirt,5,1635.91,258.79
510,2024-10-27,North,Furniture,Sofa,1,330.36,89.95
511,2025-02-08,North,Furniture,Chair,1,45.27,4.08
512,2024-08-31,South,Electronics,Mobile,6,1319.94,305.93
513,2024-02-08,West,Clothing,Jeans,9,3655.15,1018.35
514,2024-12-16,South,Furniture,Table,6,2047.84,326.78
515,2024-08-16,East,Furniture,Sofa,4,861.34,160.23
516,2024-04-13,South,Electronics,Headphones,2,746.37,116.51
517,2024-02-23,East,Electronics,Laptop,5,234.55,15.21
518,2024-10-14,North,Grocery,Oil,8,2808.99,567.35
519,2024-02-26,North,Clothing,Shoes,7,2377.16,354.57
520,2025-01-01,North,Grocery,Milk,8,1285.53,360.63
521,2024-07-27,West,Electronics,Monitor,9,1081.68,265.88
522,2024-02-22,South,Clothing,Jacket,10,1478.45,270.26
523,2025-11-11,West,Electronics,Headphones,6,382.47,58.58
524,2025-07-12,East,Clothing,Jeans,3,1064.36,155.46
525,2024-03-05,South,Grocery,Sugar,3,1074.22,254.53
526,2025-03-23,West,Clothing,Jacket,6,631.29,131.36
527,2024-10-31,North,Furniture,Table,6,1087.47,76.19
528,2025-06-10,North,Grocery,Rice,4,502.12,44.64
529,2024-04-27,West,Clothing,Shirt,7,650.88,76.78
530,2025-01-16,North,Clothing,Jeans,2,735.44,129.06
531,2025-07-28,South,Clothing,Shirt,6,1627.08,307.95
532,2024-12-18,South,Furniture,Table,10,4954.06,868.62
533,2025-12-28,West,Clothing,Shirt,9,452.88,120.33
534,2025-10-25,North,Clothing,Shirt,6,623.82,136.52
535,2025-05-23,West,Clothing,Jeans,8,3211.47,794.96
536,2025-11-30,West,Furniture,Table,10,4994.85,1345.32
537,2025-10-24,East,Electronics,Headphones,4,1199.53,114.36
538,2024-07-11,North,Clothing,Shoes,4,1301.46,385.88
539,2025-02-05,North,Furniture,Sofa,5,1138.53,152.03
540,2024-10-31,West,Furniture,Sofa,9,2059.89,565.26
541,2024-06-11,North,Furniture,Table,4,1767.31,301.49
542,2024-05-09,West,Clothing,Jacket,3,257.07,70.56
543,2025-01-10,South,Electronics,Monitor,4,1945.42,334.49
544,2025-01-07,North,Grocery,Rice,7,2406.53,232.23
545,2024-12-24,West,Electronics,Mobile,8,426.4,45.76
546,2024-08-30,North,Furniture,Chair,3,1237.04,338.94
547,2024-02-21,West,Grocery,Rice,9,3598.34,428.57
548,2024-03-25,South,Furniture,Table,7,1393.54,345.35
549,2024-03-02,West,Clothing,Shirt,5,1385.87,306.69
550,2024-11-12,South,Grocery,Rice,6,1209.55,249.47
551,2024-03-02,West,Electronics,Laptop,3,1046.09,201.96
552,2024-03-21,South,Grocery,Oil,5,1018.67,94.33
553,2025-08-07,North,Clothing,Shirt,3,1202.52,85.24
554,2024-09-01,West,Grocery,Oil,9,1802.16,437.39
555,2025-11-11,East,Electronics,Monitor,4,934.78,240.43
556,2024-05-12,West,Grocery,Milk,4,1601.64,298.08
557,2025-08-27,North,Clothing,Jacket,7,2132.19,492.06
558,2024-12-12,South,Furniture,Table,9,2609.62,624.27
559,2024-08-19,South,Grocery,Rice,10,4075.98,479.75
560,2024-09-06,South,Electronics,Laptop,9,674.85,185.84
561,2024-05-16,South,Furniture,Sofa,3,286.57,19.66
562,2025-08-03,East,Electronics,Monitor,3,1187.45,184.29
563,2024-04-28,West,Grocery,Rice,10,1088.25,199.17
564,2025-03-02,North,Clothing,Shirt,7,1553.66,449.82
565,2024-07-14,West,Grocery,Oil,10,1896.12,307.25
566,2024-12-19,West,Furniture,Sofa,1,34.57,2.55
567,2024-11-13,North,Grocery,Rice,6,1544.87,346.77
568,2024-03-26,West,Electronics,Mobile,7,1908.85,120.8
569,2024-09-24,East,Electronics,Mobile,9,886.26,207.18
570,2025-11-28,West,Clothing,Shoes,10,4302.12,981.99
571,2025-08-27,West,Furniture,Table,10,536.71,158.18
572,2024-11-19,North,Grocery,Rice,8,3305.74,568.28
573,2024-04-07,North,Electronics,Monitor,2,248.15,40.41
574,2024-08-27,South,Electronics,Laptop,6,1372.41,109.76
575,2024-09-26,West,Electronics,Headphones,7,2419.1,331.87
576,2025-12-20,South,Furniture,Table,5,611.3,69.34
577,2025-07-21,West,Furniture,Chair,2,190.73,32.55
578,2024-02-19,North,Electronics,Laptop,5,620.63,112.26
579,2025-07-19,East,Grocery,Oil,5,1830.73,498.42
580,2024-08-07,South,Clothing,Shirt,2,766.59,131.34
581,2024-08-23,East,Grocery,Sugar,4,1188.34,159.16
582,2025-06-17,East,Grocery,Milk,7,1155.22,281.81
583,2025-12-01,South,Electronics,Monitor,6,2217.97,313.2
584,2024-05-02,South,Electronics,Mobile,6,2936.6,824.84
585,2024-07-22,West,Furniture,Sofa,9,3989.27,340.8
586,2025-06-19,West,Grocery,Sugar,5,1486.57,367.58
587,2025-10-12,West,Furniture,Sofa,2,530.63,107.03
588,2025-09-11,East,Clothing,Shirt,10,4600.66,393.06
589,2024-04-09,West,Clothing,Jeans,7,3271.14,327.59
590,2024-04-03,South,Grocery,Sugar,7,2374.01,504.81
591,2024-02-07,South,Electronics,Mobile,3,266.5,75.12
592,2024-08-22,East,Grocery,Milk,7,3295.04,371.69
593,2025-11-14,East,Grocery,Oil,10,4737.4,867.67
594,2025-02-08,North,Furniture,Bed,3,1338.46,340.18
595,2024-05-27,South,Electronics,Mobile,3,967.48,185.31
596,2025-10-25,East,Electronics,Laptop,1,360.92,84.88
597,2025-07-26,South,Grocery,Milk,9,1926.27,185.58
598,2025-04-16,West,Grocery,Rice,4,125.91,22.61
599,2024-02-17,West,Grocery,Rice,3,727.76,149.01
600,2025-10-13,North,Electronics,Mobile,9,604.46,85.56
601,2025-07-17,West,Clothing,Shirt,10,4841.11,690.61
602,2024-07-11,West,Grocery,Milk,8,803.97,113.22
603,2024-10-14,East,Furniture,Table,8,3541.01,183.54
604,2025-09-01,East,Grocery,Oil,7,502.69,146.81
605,2024-03-04,West,Grocery,Milk,9,502.42,48.69
606,2025-02-05,North,Electronics,Monitor,9,1621.44,238.66
607,2025-05-05,East,Clothing,Jeans,2,874.57,199.43
608,2024-08-14,North,Electronics,Laptop,9,2981.08,425.33
609,2025-10-07,South,Grocery,Oil,4,923.39,136.44
610,2024-12-15,North,Clothing,Jacket,2,573.1,102.47
611,2025-12-11,South,Electronics,Monitor,5,2261.95,663.93
612,2024-11-21,East,Furniture,Sofa,6,2432.34,457.38
613,2025-01-05,South,Clothing,Jacket,5,854.77,154.74
614,2024-10-03,North,Grocery,Oil,6,200.83,27.89
615,2024-08-16,West,Clothing,Shirt,5,1911.09,439.59
616,2024-10-16,West,Clothing,Shirt,10,3044.29,522.07
617,2025-03-18,East,Electronics,Headphones,5,946.82,100.58
618,2025-10-06,South,Grocery,Milk,1,77.98,4.95
619,2025-05-14,West,Electronics,Monitor,10,2479.97,237.05
620,2025-01-23,East,Furniture,Bed,8,3219.88,192.89
621,2024-06-23,North,Clothing,Jacket,5,1969.37,370.23
622,2025-06-11,North,Electronics,Mobile,10,3601.25,340.54
623,2024-10-18,North,Electronics,Headphones,2,696.99,154.58
624,2024-07-02,West,Furniture,Sofa,4,1675.96,439.81
625,2024-08-10,South,Clothing,Shoes,4,1889.84,493.25
626,2025-06-17,South,Furniture,Table,1,438.72,38.13
627,2024-10-03,South,Electronics,Headphones,2,99.25,21.93
628,2024-06-12,West,Grocery,Rice,8,734.02,204.08
629,2025-03-09,East,Furniture,Chair,5,289.43,23.7
630,2025-10-21,South,Grocery,Oil,8,3457.52,412.69
631,2024-07-04,South,Clothing,Jacket,10,1166.0,74.63
632,2024-07-21,East,Clothing,Shoes,3,1027.95,303.05
633,2025-01-10,West,Electronics,Headphones,8,2579.35,389.07
634,2025-01-12,North,Clothing,Jacket,7,2735.71,421.89
635,2025-08-04,East,Grocery,Rice,10,4958.85,1086.85
636,2025-04-15,West,Grocery,Milk,2,224.93,61.1
637,2025-09-29,East,Electronics,Mobile,1,116.26,19.3
638,2024-02-18,East,Grocery,Sugar,4,1644.67,325.29
639,2024-04-07,North,Furniture,Bed,7,1963.28,174.06
640,2024-07-28,East,Furniture,Chair,7,3127.54,761.37
641,2025-01-21,East,Clothing,Jeans,7,3376.33,524.03
642,2024-04-13,East,Electronics,Laptop,1,207.7,15.79
643,2025-03-10,South,Clothing,Shoes,6,2116.3,265.61
644,2025-04-21,East,Electronics,Mobile,8,251.33,36.55
645,2025-07-16,South,Clothing,Shirt,10,3525.15,721.74
646,2025-01-08,West,Electronics,Mobile,1,182.81,30.9
647,2024-08-25,North,Electronics,Monitor,5,1605.93,220.22
648,2024-08-22,East,Grocery,Oil,3,1083.88,293.08
649,2024-03-19,East,Grocery,Milk,6,2156.55,509.64
650,2024-02-27,North,Furniture,Bed,7,2342.11,518.92
651,2025-02-12,North,Grocery,Oil,7,1049.89,224.51
652,2025-11-17,North,Clothing,Jacket,8,1205.49,276.31
653,2025-04-10,West,Electronics,Laptop,7,1670.94,484.41
654,2025-06-12,West,Furniture,Chair,5,1191.82,164.27
655,2025-06-29,East,Electronics,Mobile,7,611.59,84.85
656,2024-02-24,East,Furniture,Table,7,3265.75,419.7
657,2024-08-13,East,Clothing,Jacket,2,290.63,40.85
658,2025-10-29,East,Electronics,Headphones,6,2800.76,430.71
659,2024-05-17,North,Furniture,Chair,6,2584.84,655.92
660,2025-02-12,East,Clothing,Shoes,1,195.26,13.23
661,2025-10-20,North,Electronics,Laptop,10,752.01,148.06
662,2025-04-06,East,Furniture,Sofa,1,166.35,33.36
663,2025-08-15,South,Clothing,Shoes,6,1112.91,278.78
664,2024-05-13,South,Clothing,Jacket,6,2989.47,604.82
665,2025-07-19,South,Electronics,Mobile,1,488.77,112.45
666,2024-07-30,West,Grocery,Milk,4,331.05,81.91
667,2024-03-08,South,Grocery,Sugar,9,4434.07,597.84
668,2024-09-02,East,Electronics,Monitor,7,2125.52,439.97
669,2024-02-10,West,Clothing,Shirt,7,970.98,282.83
670,2024-03-08,South,Electronics,Laptop,2,907.6,244.95
671,2024-10-11,North,Grocery,Sugar,1,266.53,40.46
672,2024-03-06,West,Clothing,Jeans,9,4264.77,332.13
673,2024-07-14,South,Clothing,Jacket,3,988.55,143.72
674,2024-01-31,East,Furniture,Table,4,1487.4,306.8
675,2025-01-13,West,Electronics,Laptop,2,879.42,142.2
676,2025-07-06,South,Electronics,Headphones,10,3787.87,997.7
677,2025-09-26,East,Electronics,Laptop,10,636.71,127.72
678,2024-06-22,West,Clothing,Jacket,3,1209.95,270.7
679,2025-10-29,North,Electronics,Monitor,1,337.24,35.38
680,2025-07-17,North,Clothing,Jacket,1,444.4,58.43
681,2025-04-28,West,Electronics,Laptop,8,3912.74,1098.48
682,2024-03-07,East,Clothing,Jacket,5,2152.72,159.1
683,2024-11-01,East,Electronics,Headphones,7,2447.14,415.75
684,2025-08-20,West,Clothing,Jeans,9,3245.05,203.87
685,2024-06-26,North,Electronics,Laptop,1,487.48,91.03
686,2024-11-07,West,Clothing,Shirt,2,746.88,120.0
687,2024-02-07,South,Grocery,Rice,2,913.43,52.5
688,2025-07-22,North,Furniture,Sofa,6,1356.44,385.27
689,2025-10-11,East,Furniture,Bed,7,2667.08,409.99
690,2025-08-25,West,Grocery,Oil,5,1929.6,510.13
691,2024-11-13,West,Electronics,Headphones,5,673.9,45.1
692,2025-04-24,North,Grocery,Sugar,6,262.3,76.75
693,2024-05-04,West,Grocery,Rice,9,3793.1,1105.26
694,2025-10-22,East,Electronics,Mobile,6,2186.91,529.37
695,2024-09-17,South,Electronics,Mobile,2,295.04,36.05
696,2025-06-28,South,Electronics,Monitor,3,257.53,19.99
697,2024-05-26,West,Clothing,Jeans,4,786.6,151.88
698,2025-09-25,West,Grocery,Sugar,4,883.19,97.95
699,2024-01-28,North,Furniture,Table,3,1361.1,407.34
700,2025-10-31,North,Grocery,Milk,8,742.0,181.97
701,2024-01-30,East,Furniture,Sofa,4,1188.85,281.16
702,2024-12-20,East,Grocery,Rice,3,1288.91,223.77
703,2025-09-13,South,Electronics,Mobile,4,1320.1,283.23
704,2025-06-11,East,Grocery,Rice,9,2896.59,845.35
705,2024-04-22,West,Grocery,Oil,2,369.42,101.01
706,2024-09-14,East,Clothing,Jacket,1,27.96,8.29
707,2025-04-12,South,Electronics,Monitor,5,1853.21,269.46
708,2025-04-09,West,Furniture,Table,10,2101.25,446.34
709,2024-05-31,South,Furniture,Chair,7,992.83,103.82
710,2025-01-14,West,Furniture,Sofa,3,1101.8,61.87
711,2024-06-01,North,Grocery,Milk,2,621.18,112.46
712,2025-02-06,South,Electronics,Headphones,9,3176.47,571.57
713,2025-04-29,East,Furniture,Sofa,7,1616.93,113.86
714,2024-01-03,North,Electronics,Headphones,8,1977.19,320.97
715,2025-07-16,West,Clothing,Shirt,2,141.75,35.88
716,2025-06-15,East,Electronics,Mobile,6,1921.77,570.74
717,2025-12-01,East,Furniture,Sofa,10,3213.3,235.64
718,2025-12-06,West,Furniture,Sofa,4,329.05,85.97
719,2024-10-21,East,Clothing,Jacket,9,3296.05,576.05
720,2025-05-03,West,Electronics,Headphones,7,2883.15,342.49
721,2024-09-27,North,Clothing,Jacket,6,334.85,80.18
722,2024-01-02,North,Grocery,Oil,2,48.41,7.13
723,2024-09-27,East,Clothing,Shoes,4,556.29,43.41
724,2024-11-05,South,Grocery,Rice,8,3425.19,435.63
725,2025-09-15,North,Grocery,Sugar,8,3513.13,816.28
726,2024-07-05,West,Furniture,Bed,9,592.74,55.32
727,2025-09-29,East,Furniture,Sofa,7,1115.24,172.6
728,2024-10-21,South,Furniture,Chair,1,232.14,55.86
729,2024-01-24,North,Clothing,Jeans,6,1630.02,467.94
730,2025-01-24,North,Electronics,Mobile,1,247.06,61.43
731,2024-10-06,South,Furniture,Sofa,9,1352.9,332.59
732,2024-08-01,East,Grocery,Sugar,1,150.83,33.58
733,2024-08-19,South,Electronics,Laptop,2,122.51,25.74
734,2025-11-30,North,Clothing,Shoes,2,533.17,140.13
735,2024-03-27,West,Clothing,Jacket,3,1048.8,267.73
736,2025-09-08,North,Electronics,Mobile,5,2091.8,241.94
737,2025-01-06,East,Grocery,Oil,7,1025.12,236.08
738,2025-11-15,North,Grocery,Rice,2,134.94,37.59
739,2024-04-22,West,Clothing,Jacket,9,2710.25,195.11
740,2025-11-28,North,Grocery,Sugar,3,646.07,180.27
741,2025-02-04,West,Grocery,Milk,5,816.92,125.89
742,2024-01-27,North,Electronics,Headphones,5,727.53,109.8
743,2025-02-22,East,Clothing,Jeans,7,285.96,63.73
744,2025-10-23,West,Clothing,Jacket,5,2351.26,222.24
745,2024-11-01,West,Grocery,Rice,5,174.53,13.61
746,2025-11-22,East,Clothing,Jeans,10,3051.08,762.07
747,2024-07-11,South,Clothing,Shoes,5,413.95,102.48
748,2024-01-13,South,Grocery,Milk,4,1127.27,93.59
749,2024-04-07,South,Electronics,Monitor,7,3063.72,356.88
750,2025-03-27,South,Clothing,Jacket,6,259.81,28.35
751,2024-05-08,West,Grocery,Rice,8,1932.56,186.06
752,2024-02-12,East,Electronics,Headphones,2,976.11,194.04
753,2024-11-23,East,Furniture,Bed,1,127.86,14.81
754,2025-03-11,North,Clothing,Shirt,9,548.65,138.37
755,2025-10-10,West,Grocery,Sugar,2,789.6,185.71
756,2025-05-21,North,Electronics,Mobile,4,103.38,12.51
757,2025-06-14,South,Electronics,Mobile,4,1710.18,121.21
758,2025-07-17,North,Furniture,Bed,8,2892.28,358.6
759,2024-03-23,North,Electronics,Mobile,1,416.11,60.54
760,2025-11-15,North,Clothing,Jacket,7,3115.67,485.29
761,2024-02-16,West,Grocery,Oil,6,411.4,89.1
762,2025-10-05,North,Clothing,Jacket,5,2360.6,338.21
763,2024-05-31,East,Grocery,Sugar,3,1131.39,190.99
764,2024-12-05,West,Clothing,Jeans,8,3427.04,491.14
765,2024-01-19,South,Grocery,Oil,4,1516.39,296.96
766,2024-08-24,North,Grocery,Oil,1,442.49,46.52
767,2025-08-16,West,Grocery,Milk,6,1862.22,434.53
768,2025-04-22,West,Furniture,Bed,10,4437.85,1018.2
769,2025-04-03,East,Grocery,Milk,5,2431.26,377.03
770,2024-02-17,West,Electronics,Laptop,2,554.54,74.5
771,2024-04-04,South,Electronics,Laptop,10,365.64,26.43
772,2025-04-06,North,Grocery,Sugar,4,413.11,41.28
773,2024-05-29,East,Grocery,Rice,5,1687.22,102.24
774,2024-06-01,West,Grocery,Oil,1,307.65,60.68
775,2024-06-30,South,Electronics,Mobile,4,1619.35,164.39
776,2025-02-20,West,Clothing,Jacket,10,2766.45,484.23
777,2025-03-27,North,Electronics,Monitor,5,925.53,173.61
778,2025-05-06,South,Grocery,Oil,8,1101.91,142.2
779,2024-03-21,West,Electronics,Headphones,7,2555.6,565.95
780,2024-03-26,East,Grocery,Oil,7,2048.08,131.39
781,2024-09-16,East,Grocery,Oil,7,1616.93,468.16
782,2024-03-06,South,Clothing,Jeans,5,1886.92,525.78
783,2024-06-01,North,Electronics,Laptop,7,1546.67,209.96
784,2025-08-30,North,Furniture,Sofa,7,599.84,131.68
785,2024-10-30,East,Grocery,Rice,6,2234.19,497.16
786,2025-01-10,South,Grocery,Milk,7,866.93,51.42
787,2024-08-17,West,Furniture,Sofa,6,2731.81,493.65
788,2025-11-29,South,Clothing,Jeans,5,1269.92,87.04
789,2025-02-01,East,Grocery,Milk,8,3821.96,573.01
790,2024-07-05,West,Electronics,Mobile,9,2986.27,288.79
791,2025-12-18,North,Electronics,Headphones,8,2833.69,620.88
792,2024-01-25,South,Furniture,Sofa,6,1925.88,495.26
793,2025-04-11,North,Clothing,Shirt,8,1135.46,136.99
794,2024-12-18,East,Grocery,Rice,10,3096.23,544.57
795,2024-10-15,East,Furniture,Chair,2,209.71,31.31
796,2025-05-18,West,Clothing,Jacket,7,2627.85,172.45
797,2025-02-11,West,Furniture,Table,10,1825.71,122.59
798,2025-03-12,West,Electronics,Laptop,10,390.95,74.53
799,2025-02-15,East,Grocery,Milk,9,2007.57,505.2
800,2025-11-09,North,Grocery,Oil,6,491.65,112.17
801,2025-10-10,South,Electronics,Laptop,6,392.03,26.19
802,2024-03-22,East,Clothing,Jeans,7,272.03,47.16
803,2024-06-30,South,Furniture,Table,10,4404.69,378.44
804,2024-06-11,North,Electronics,Mobile,4,907.04,199.24
805,2025-01-12,North,Clothing,Shoes,1,357.96,31.64
806,2024-11-08,West,Electronics,Mobile,1,217.07,53.04
807,2025-07-11,North,Furniture,Bed,7,420.57,57.05
808,2024-10-28,North,Furniture,Table,5,1854.49,434.52
809,2025-10-23,South,Grocery,Sugar,7,286.96,20.63
810,2024-07-16,South,Furniture,Sofa,6,1274.64,278.68
811,2025-05-15,South,Grocery,Milk,4,948.38,200.58
812,2025-04-22,West,Grocery,Oil,4,1160.97,277.58
813,2025-05-24,West,Grocery,Milk,2,760.43,187.62
814,2024-12-21,North,Grocery,Sugar,9,379.01,85.6
815,2024-09-20,East,Furniture,Bed,7,338.38,83.21
816,2024-05-20,North,Grocery,Oil,4,925.48,84.07
817,2024-03-22,North,Electronics,Monitor,7,1243.22,323.94
818,2024-03-27,East,Electronics,Headphones,3,249.59,51.01
819,2025-05-29,West,Electronics,Monitor,4,1036.77,227.43
820,2025-07-08,North,Grocery,Rice,6,1019.41,258.5
821,2024-09-20,West,Furniture,Bed,1,233.87,61.03
822,2025-08-10,South,Furniture,Bed,5,904.14,56.54
823,2025-12-31,North,Clothing,Jacket,1,378.44,68.15
824,2024-05-21,West,Furniture,Table,3,91.2,15.85
825,2024-05-21,West,Clothing,Shirt,10,1303.93,253.94
826,2025-08-18,North,Clothing,Jacket,5,1082.76,183.8
827,2025-05-24,West,Clothing,Shirt,10,1327.69,328.8
828,2025-03-26,North,Electronics,Laptop,9,2182.77,350.45
829,2024-02-04,North,Grocery,Milk,5,1652.11,377.52
830,2024-02-09,East,Grocery,Rice,9,475.31,94.51
831,2024-06-05,North,Electronics,Mobile,4,984.89,70.88
832,2025-06-11,East,Furniture,Chair,3,1267.67,356.32
833,2025-09-11,West,Electronics,Monitor,8,555.0,78.12
834,2024-03-17,South,Clothing,Jeans,5,406.09,99.95
835,2024-04-01,East,Clothing,Jeans,8,2640.39,687.84
836,2024-08-21,West,Clothing,Shirt,10,1442.15,155.15
837,2024-10-10,North,Furniture,Bed,10,3020.18,154.71
838,2024-10-23,East,Clothing,Jeans,9,1788.48,160.73
839,2024-06-24,East,Electronics,Headphones,8,1644.52,306.31
840,2024-02-25,South,Grocery,Milk,1,73.61,9.89
841,2024-07-03,East,Electronics,Laptop,3,567.74,127.69
842,2025-04-16,West,Clothing,Shirt,3,186.92,54.67
843,2025-02-14,West,Electronics,Laptop,9,822.85,191.98
844,2024-07-30,East,Electronics,Monitor,10,3055.11,410.49
845,2025-12-06,East,Furniture,Table,10,4683.76,1355.54
846,2025-04-19,South,Electronics,Headphones,7,1002.26,203.26
847,2025-08-26,West,Grocery,Rice,3,339.34,59.09
848,2024-09-11,West,Furniture,Table,4,1678.41,444.97
849,2025-05-05,West,Clothing,Shoes,6,1451.88,240.6
850,2024-08-24,East,Grocery,Sugar,6,1821.12,110.34
851,2024-04-20,North,Grocery,Sugar,6,1689.27,499.7
852,2025-07-05,South,Furniture,Table,8,204.8,19.21
853,2025-05-29,East,Clothing,Shirt,1,151.51,24.76
854,2024-06-05,North,Grocery,Rice,6,825.43,129.0
855,2025-02-22,West,Grocery,Sugar,9,2436.55,691.39
856,2024-02-21,West,Clothing,Jeans,5,1192.39,64.11
857,2025-01-17,North,Electronics,Mobile,9,3148.9,269.13
858,2024-05-07,West,Clothing,Jacket,2,861.25,246.42
859,2025-04-24,North,Furniture,Chair,2,182.64,21.73
860,2025-12-08,North,Grocery,Oil,4,241.86,25.21
861,2025-09-19,East,Clothing,Jeans,8,3893.4,660.16
862,2025-03-18,South,Electronics,Laptop,6,2880.44,257.96
863,2024-07-08,West,Clothing,Shirt,7,2681.42,151.69
864,2024-10-05,North,Electronics,Laptop,2,736.9,130.52
865,2025-06-13,East,Furniture,Sofa,5,392.98,77.72
866,2025-01-03,North,Furniture,Chair,9,4269.97,884.32
867,2025-10-21,East,Electronics,Laptop,3,240.51,19.05
868,2024-07-26,East,Clothing,Jeans,9,3309.44,416.55
869,2025-09-22,West,Grocery,Milk,10,673.33,183.14
870,2024-06-16,West,Clothing,Jeans,5,651.32,39.38
871,2024-07-02,South,Electronics,Mobile,2,561.09,108.01
872,2024-09-04,West,Clothing,Jacket,7,2083.66,469.37
873,2025-11-08,East,Electronics,Laptop,8,972.08,101.19
874,2024-01-29,East,Grocery,Oil,10,2691.88,491.37
875,2024-03-11,West,Furniture,Table,10,3553.76,1009.42
876,2025-11-18,West,Clothing,Shoes,4,233.91,48.3
877,2025-09-05,East,Grocery,Rice,2,929.5,46.63
878,2025-10-17,North,Electronics,Headphones,10,3896.9,529.08
879,2024-11-18,East,Grocery,Milk,8,3672.94,469.78
880,2025-11-17,West,Grocery,Milk,6,2603.2,522.36
881,2024-11-26,West,Furniture,Chair,5,237.97,63.29
882,2025-11-13,East,Furniture,Table,4,1414.18,123.02
883,2025-09-18,South,Electronics,Laptop,1,391.27,104.85
884,2024-09-04,North,Electronics,Monitor,10,2744.8,753.06
885,2025-04-11,North,Clothing,Shoes,3,862.68,94.78
886,2025-12-26,East,Electronics,Mobile,4,1344.46,259.64
887,2024-08-31,East,Grocery,Rice,10,1239.27,253.06
888,2025-04-13,North,Electronics,Headphones,7,1989.61,113.49
889,2025-08-15,North,Clothing,Shoes,2,956.48,144.6
890,2024-11-05,South,Clothing,Shirt,7,2381.41,638.25
891,2025-08-15,West,Furniture,Chair,10,4836.9,859.99
892,2025-09-16,East,Clothing,Shirt,10,2195.93,621.6
893,2025-03-30,East,Clothing,Shirt,7,326.93,65.35
894,2024-09-03,East,Electronics,Mobile,6,1639.62,138.77
895,2024-01-23,East,Clothing,Shoes,5,2314.95,124.26
896,2025-02-04,South,Electronics,Headphones,8,586.94,123.46
897,2025-07-27,West,Grocery,Oil,1,358.64,69.43
898,2025-12-02,South,Clothing,Shoes,4,1606.41,340.64
899,2025-09-23,West,Furniture,Table,10,3598.03,878.96
900,2024-09-30,East,Grocery,Oil,10,2992.58,183.2
901,2025-06-13,North,Electronics,Monitor,3,1412.58,108.21
902,2024-09-04,North,Clothing,Shoes,5,1078.95,291.86
903,2025-12-11,North,Electronics,Monitor,6,1997.43,469.47
904,2025-10-15,East,Electronics,Laptop,3,395.84,77.04
905,2024-12-25,North,Electronics,Mobile,8,2880.99,794.46
906,2025-07-29,East,Furniture,Table,1,373.52,83.87
907,2025-09-15,West,Furniture,Chair,2,790.88,134.66
908,2025-07-09,West,Electronics,Mobile,8,3973.23,756.56
909,2024-02-20,East,Electronics,Mobile,2,508.82,94.22
910,2025-08-09,South,Furniture,Bed,7,2232.72,365.17
911,2025-04-02,West,Grocery,Sugar,4,1247.03,271.56
912,2025-02-27,North,Grocery,Oil,4,1502.52,418.15
913,2024-05-25,South,Electronics,Mobile,9,2647.21,594.15
914,2024-08-22,North,Electronics,Mobile,8,3313.18,272.91
915,2024-05-23,East,Grocery,Rice,6,847.34,138.12
916,2025-09-15,South,Electronics,Laptop,9,3899.06,385.92
917,2025-04-02,West,Furniture,Sofa,7,2109.21,110.57
918,2025-11-02,West,Furniture,Table,1,342.0,59.56
919,2024-09-08,East,Grocery,Milk,7,271.17,78.84
920,2025-10-27,South,Electronics,Headphones,2,94.24,12.45
921,2024-01-20,South,Furniture,Bed,2,713.99,185.18
922,2025-08-27,East,Clothing,Shoes,4,606.19,136.47
923,2025-01-26,West,Clothing,Shirt,5,1250.47,318.35
924,2025-07-30,West,Clothing,Jeans,7,2747.09,722.55
925,2025-10-07,East,Furniture,Chair,4,1436.54,349.91
926,2025-02-11,East,Grocery,Sugar,10,3111.79,453.21
927,2025-05-02,North,Furniture,Sofa,6,1514.69,423.35
928,2024-03-08,East,Furniture,Bed,1,345.52,51.43
929,2024-07-04,North,Clothing,Shirt,5,151.42,43.43
930,2025-09-06,East,Electronics,Monitor,7,267.5,72.5
931,2025-11-07,South,Furniture,Table,9,3223.89,401.92
932,2024-11-10,East,Electronics,Laptop,9,2248.57,429.6
933,2024-10-03,South,Clothing,Shoes,2,660.69,54.97
934,2024-05-02,South,Furniture,Sofa,9,3787.71,1046.65
935,2025-04-08,South,Grocery,Oil,8,1300.81,127.64
936,2025-01-23,West,Grocery,Milk,4,613.06,77.57
937,2024-02-09,North,Clothing,Shoes,3,132.72,7.12
938,2025-07-30,West,Grocery,Milk,3,784.08,186.63
939,2024-09-24,North,Electronics,Monitor,6,2515.05,248.32
940,2025-08-30,North,Clothing,Jeans,1,433.88,34.23
941,2025-08-30,West,Electronics,Laptop,6,2271.98,521.61
942,2025-12-20,North,Furniture,Table,9,332.62,76.0
943,2025-04-25,West,Clothing,Shoes,8,3885.86,1103.16
944,2025-09-30,North,Grocery,Oil,4,1777.41,246.33
945,2025-06-13,West,Clothing,Shoes,6,1343.88,335.01
946,2024-10-20,East,Clothing,Shirt,4,496.67,73.8
947,2024-02-19,North,Clothing,Jeans,3,1133.9,195.75
948,2024-01-30,West,Furniture,Bed,9,2378.99,389.35
949,2024-06-15,North,Electronics,Headphones,1,168.89,36.85
950,2024-09-17,East,Furniture,Table,1,194.02,36.45
951,2025-08-23,North,Electronics,Headphones,9,4429.61,1122.87
952,2025-07-18,South,Clothing,Jacket,6,822.6,201.52
953,2025-12-23,South,Grocery,Sugar,10,2716.04,599.81
954,2025-11-30,South,Clothing,Shirt,5,1335.18,224.37
955,2025-11-17,South,Grocery,Milk,2,139.05,22.31
956,2025-06-15,East,Electronics,Monitor,8,3160.04,413.65
957,2024-02-08,South,Furniture,Bed,10,4340.44,1105.43
958,2024-02-27,East,Electronics,Mobile,3,126.75,28.13
959,2025-03-11,North,Electronics,Monitor,6,2306.79,288.54
960,2024-12-03,West,Electronics,Laptop,3,565.92,77.41
961,2025-10-14,South,Grocery,Milk,7,341.35,22.88
962,2024-01-10,South,Clothing,Jacket,6,2627.62,450.51
963,2025-11-18,West,Grocery,Milk,7,421.64,48.17
964,2024-11-27,South,Clothing,Jacket,6,603.21,155.85
965,2024-02-13,South,Furniture,Chair,2,823.02,69.13
966,2025-01-20,West,Grocery,Oil,2,72.98,13.87
967,2024-08-25,East,Electronics,Mobile,8,2227.68,388.24
968,2024-03-18,East,Furniture,Table,4,528.36,43.2
969,2024-02-10,East,Furniture,Table,6,1599.64,478.23
970,2025-12-13,North,Clothing,Jacket,6,1695.16,468.95
971,2024-09-30,North,Electronics,Headphones,1,370.4,66.95
972,2025-07-11,East,Furniture,Table,5,1383.88,244.8
973,2025-07-03,South,Grocery,Milk,7,1077.53,280.12
974,2025-06-08,South,Electronics,Headphones,1,380.44,91.82
975,2024-02-01,West,Furniture,Bed,4,387.67,40.42
976,2025-08-03,South,Furniture,Chair,3,1350.66,120.84
977,2025-10-21,South,Grocery,Oil,8,2676.96,365.92
978,2024-02-29,North,Grocery,Milk,6,2805.06,682.7
979,2025-11-28,East,Grocery,Sugar,1,410.43,32.19
980,2025-02-13,North,Clothing,Shoes,4,1490.8,87.78
981,2024-05-17,West,Grocery,Oil,1,353.49,72.16
982,2025-06-29,North,Furniture,Sofa,4,491.78,45.98
983,2025-12-04,North,Clothing,Shoes,10,3465.61,485.9
984,2025-08-30,West,Clothing,Shirt,9,3881.41,1055.7
985,2025-05-21,North,Clothing,Jacket,4,394.27,94.81
986,2024-04-28,West,Grocery,Oil,7,673.69,129.43
987,2024-12-01,North,Clothing,Shirt,7,253.38,63.65
988,2025-02-22,South,Grocery,Sugar,8,3500.57,240.56
989,2025-05-18,South,Clothing,Jacket,7,569.83,67.97
990,2025-12-26,West,Furniture,Bed,10,2236.1,351.87
991,2025-08-21,North,Furniture,Chair,4,1259.38,352.97
992,2024-09-05,West,Grocery,Oil,7,3095.69,895.46
993,2025-05-08,South,Clothing,Jacket,2,103.21,25.8
994,2024-10-05,South,Electronics,Headphones,3,999.43,83.97
995,2024-02-29,South,Electronics,Monitor,3,520.97,140.83
996,2024-06-07,North,Grocery,Sugar,6,469.91,90.64
997,2025-06-06,West,Grocery,Rice,3,392.94,32.1
998,2025-10-30,West,Electronics,Monitor,9,2326.11,161.77
999,2024-12-27,East,Grocery,Rice,8,3840.54,214.19
1000,2024-09-27,West,Furniture,Sofa,10,429.09,64.15
